Modelo,Escenario,Varianza,Paso,ECRPS_Mean
AREPD,Estacionario_Lineal,0.2,1,0.26869276493894834
AREPD,Estacionario_Lineal,0.2,2,0.31203711306688126
AREPD,Estacionario_Lineal,0.2,3,0.3049959866982061
AREPD,Estacionario_Lineal,0.2,4,0.33938765444548247
AREPD,Estacionario_Lineal,0.2,5,0.3193056642203036
AREPD,Estacionario_Lineal,0.5,1,0.48136533190455055
AREPD,Estacionario_Lineal,0.5,2,0.4971615544003445
AREPD,Estacionario_Lineal,0.5,3,0.5442777639416193
AREPD,Estacionario_Lineal,0.5,4,0.5578735495497235
AREPD,Estacionario_Lineal,0.5,5,0.4963352687131641
AREPD,Estacionario_Lineal,1.0,1,0.6776944154818868
AREPD,Estacionario_Lineal,1.0,2,0.7892283147612623
AREPD,Estacionario_Lineal,1.0,3,0.7176636299661356
AREPD,Estacionario_Lineal,1.0,4,0.7120651262388304
AREPD,Estacionario_Lineal,1.0,5,0.7217946247305039
AREPD,Estacionario_Lineal,3.0,1,1.2411799937651302
AREPD,Estacionario_Lineal,3.0,2,1.3521906331926923
AREPD,Estacionario_Lineal,3.0,3,1.3113648415660406
AREPD,Estacionario_Lineal,3.0,4,1.331402739045779
AREPD,Estacionario_Lineal,3.0,5,1.1773301923193822
AREPD,No_Estacionario_Lineal,0.2,1,3.535240168080814
AREPD,No_Estacionario_Lineal,0.2,2,3.590917046731899
AREPD,No_Estacionario_Lineal,0.2,3,3.8098002223174294
AREPD,No_Estacionario_Lineal,0.2,4,3.8769014531984713
AREPD,No_Estacionario_Lineal,0.2,5,4.039746842178422
AREPD,No_Estacionario_Lineal,0.5,1,6.7098043583110805
AREPD,No_Estacionario_Lineal,0.5,2,7.047543224619159
AREPD,No_Estacionario_Lineal,0.5,3,7.133876415249913
AREPD,No_Estacionario_Lineal,0.5,4,7.154597189897824
AREPD,No_Estacionario_Lineal,0.5,5,7.3157782942783065
AREPD,No_Estacionario_Lineal,1.0,1,9.278787258445252
AREPD,No_Estacionario_Lineal,1.0,2,9.204975053348951
AREPD,No_Estacionario_Lineal,1.0,3,9.343418221580407
AREPD,No_Estacionario_Lineal,1.0,4,9.09502266095799
AREPD,No_Estacionario_Lineal,1.0,5,9.209553350224658
AREPD,No_Estacionario_Lineal,3.0,1,17.957768807109122
AREPD,No_Estacionario_Lineal,3.0,2,18.199544013803102
AREPD,No_Estacionario_Lineal,3.0,3,18.524515510477094
AREPD,No_Estacionario_Lineal,3.0,4,18.18898003651662
AREPD,No_Estacionario_Lineal,3.0,5,18.122526709674094
AREPD,No_Lineal,0.2,1,0.27752487286145777
AREPD,No_Lineal,0.2,2,0.28366847725510164
AREPD,No_Lineal,0.2,3,0.3088770177875214
AREPD,No_Lineal,0.2,4,0.34234228418256335
AREPD,No_Lineal,0.2,5,0.3258455935254369
AREPD,No_Lineal,0.5,1,0.44516932370878787
AREPD,No_Lineal,0.5,2,0.46599738283802117
AREPD,No_Lineal,0.5,3,0.5086112196979223
AREPD,No_Lineal,0.5,4,0.4796025830150491
AREPD,No_Lineal,0.5,5,0.4832460888939439
AREPD,No_Lineal,1.0,1,0.6207202310327309
AREPD,No_Lineal,1.0,2,0.6930255457528555
AREPD,No_Lineal,1.0,3,0.6937329856962103
AREPD,No_Lineal,1.0,4,0.7906790053731984
AREPD,No_Lineal,1.0,5,0.680499745303017
AREPD,No_Lineal,3.0,1,1.0356386520829872
AREPD,No_Lineal,3.0,2,1.269923085471046
AREPD,No_Lineal,3.0,3,1.2260046917246814
AREPD,No_Lineal,3.0,4,1.193686291992379
AREPD,No_Lineal,3.0,5,1.2966199661840498
AV-MCPS,Estacionario_Lineal,0.2,1,0.257673617700431
AV-MCPS,Estacionario_Lineal,0.2,2,0.28715011698572795
AV-MCPS,Estacionario_Lineal,0.2,3,0.29049629186279824
AV-MCPS,Estacionario_Lineal,0.2,4,0.279769233106502
AV-MCPS,Estacionario_Lineal,0.2,5,0.27024707625168604
AV-MCPS,Estacionario_Lineal,0.5,1,0.39919382101026274
AV-MCPS,Estacionario_Lineal,0.5,2,0.4879923852800671
AV-MCPS,Estacionario_Lineal,0.5,3,0.4878902733512152
AV-MCPS,Estacionario_Lineal,0.5,4,0.5002788404492672
AV-MCPS,Estacionario_Lineal,0.5,5,0.4560887313410999
AV-MCPS,Estacionario_Lineal,1.0,1,0.5825490629776042
AV-MCPS,Estacionario_Lineal,1.0,2,0.6115320640428461
AV-MCPS,Estacionario_Lineal,1.0,3,0.6258650105334767
AV-MCPS,Estacionario_Lineal,1.0,4,0.6345844437220987
AV-MCPS,Estacionario_Lineal,1.0,5,0.6342522558673913
AV-MCPS,Estacionario_Lineal,3.0,1,0.985432985397168
AV-MCPS,Estacionario_Lineal,3.0,2,1.1799221887493274
AV-MCPS,Estacionario_Lineal,3.0,3,1.1530941405391943
AV-MCPS,Estacionario_Lineal,3.0,4,1.1530306115268578
AV-MCPS,Estacionario_Lineal,3.0,5,1.1522854618235385
AV-MCPS,No_Estacionario_Lineal,0.2,1,0.5748088282016488
AV-MCPS,No_Estacionario_Lineal,0.2,2,0.7383704594497523
AV-MCPS,No_Estacionario_Lineal,0.2,3,0.9045435129664904
AV-MCPS,No_Estacionario_Lineal,0.2,4,1.0179075793097871
AV-MCPS,No_Estacionario_Lineal,0.2,5,0.9693665834416096
AV-MCPS,No_Estacionario_Lineal,0.5,1,0.8813794398906223
AV-MCPS,No_Estacionario_Lineal,0.5,2,1.555104231460243
AV-MCPS,No_Estacionario_Lineal,0.5,3,1.626154707293694
AV-MCPS,No_Estacionario_Lineal,0.5,4,1.892639971893565
AV-MCPS,No_Estacionario_Lineal,0.5,5,1.8266090779437336
AV-MCPS,No_Estacionario_Lineal,1.0,1,0.987087066933248
AV-MCPS,No_Estacionario_Lineal,1.0,2,1.6019843427631755
AV-MCPS,No_Estacionario_Lineal,1.0,3,2.1257004541953175
AV-MCPS,No_Estacionario_Lineal,1.0,4,2.507097240987233
AV-MCPS,No_Estacionario_Lineal,1.0,5,2.2136099787744548
AV-MCPS,No_Estacionario_Lineal,3.0,1,2.5311492518530625
AV-MCPS,No_Estacionario_Lineal,3.0,2,4.547538033028038
AV-MCPS,No_Estacionario_Lineal,3.0,3,4.764035481802294
AV-MCPS,No_Estacionario_Lineal,3.0,4,5.108887347928126
AV-MCPS,No_Estacionario_Lineal,3.0,5,4.810210016291703
AV-MCPS,No_Lineal,0.2,1,0.2563286007278954
AV-MCPS,No_Lineal,0.2,2,0.3121545004396344
AV-MCPS,No_Lineal,0.2,3,0.2910347736054299
AV-MCPS,No_Lineal,0.2,4,0.2849700675022154
AV-MCPS,No_Lineal,0.2,5,0.28645238515997234
AV-MCPS,No_Lineal,0.5,1,0.4010953643077618
AV-MCPS,No_Lineal,0.5,2,0.4638496013245178
AV-MCPS,No_Lineal,0.5,3,0.47793219204596216
AV-MCPS,No_Lineal,0.5,4,0.47906294753925466
AV-MCPS,No_Lineal,0.5,5,0.4629872848529939
AV-MCPS,No_Lineal,1.0,1,0.5678561595253276
AV-MCPS,No_Lineal,1.0,2,0.6875987500655261
AV-MCPS,No_Lineal,1.0,3,0.6377548372435404
AV-MCPS,No_Lineal,1.0,4,0.6731000155881209
AV-MCPS,No_Lineal,1.0,5,0.6661002235389396
AV-MCPS,No_Lineal,3.0,1,0.9795717585558568
AV-MCPS,No_Lineal,3.0,2,1.1968856540082078
AV-MCPS,No_Lineal,3.0,3,1.1520452747451888
AV-MCPS,No_Lineal,3.0,4,1.176573334561415
AV-MCPS,No_Lineal,3.0,5,1.1435037954669187
Block Bootstrapping,Estacionario_Lineal,0.2,1,0.24540813752816662
Block Bootstrapping,Estacionario_Lineal,0.2,2,0.2477168672003142
Block Bootstrapping,Estacionario_Lineal,0.2,3,0.24808130147985635
Block Bootstrapping,Estacionario_Lineal,0.2,4,0.24909481547641443
Block Bootstrapping,Estacionario_Lineal,0.2,5,0.24879726068626604
Block Bootstrapping,Estacionario_Lineal,0.5,1,0.3893370585256143
Block Bootstrapping,Estacionario_Lineal,0.5,2,0.3954700462405853
Block Bootstrapping,Estacionario_Lineal,0.5,3,0.39347692099254
Block Bootstrapping,Estacionario_Lineal,0.5,4,0.39863452201755506
Block Bootstrapping,Estacionario_Lineal,0.5,5,0.39534726915224977
Block Bootstrapping,Estacionario_Lineal,1.0,1,0.549790848132654
Block Bootstrapping,Estacionario_Lineal,1.0,2,0.5685212529167376
Block Bootstrapping,Estacionario_Lineal,1.0,3,0.5566649057054819
Block Bootstrapping,Estacionario_Lineal,1.0,4,0.5587544125985121
Block Bootstrapping,Estacionario_Lineal,1.0,5,0.5552354858813048
Block Bootstrapping,Estacionario_Lineal,3.0,1,0.9493596343852353
Block Bootstrapping,Estacionario_Lineal,3.0,2,0.96712117694284
Block Bootstrapping,Estacionario_Lineal,3.0,3,0.9581092877206591
Block Bootstrapping,Estacionario_Lineal,3.0,4,0.959197566890697
Block Bootstrapping,Estacionario_Lineal,3.0,5,0.9581290978200507
Block Bootstrapping,No_Estacionario_Lineal,0.2,1,0.24551552892078463
Block Bootstrapping,No_Estacionario_Lineal,0.2,2,0.24834497306405454
Block Bootstrapping,No_Estacionario_Lineal,0.2,3,0.2504110376830477
Block Bootstrapping,No_Estacionario_Lineal,0.2,4,0.24963392359492076
Block Bootstrapping,No_Estacionario_Lineal,0.2,5,0.24893855527512174
Block Bootstrapping,No_Estacionario_Lineal,0.5,1,0.3890419563247771
Block Bootstrapping,No_Estacionario_Lineal,0.5,2,0.3962687186414457
Block Bootstrapping,No_Estacionario_Lineal,0.5,3,0.39506061212631244
Block Bootstrapping,No_Estacionario_Lineal,0.5,4,0.39982200005147595
Block Bootstrapping,No_Estacionario_Lineal,0.5,5,0.3931183424932715
Block Bootstrapping,No_Estacionario_Lineal,1.0,1,0.5553918823815184
Block Bootstrapping,No_Estacionario_Lineal,1.0,2,0.5683640413110228
Block Bootstrapping,No_Estacionario_Lineal,1.0,3,0.5609583945466665
Block Bootstrapping,No_Estacionario_Lineal,1.0,4,0.5556661368491621
Block Bootstrapping,No_Estacionario_Lineal,1.0,5,0.5573081920145253
Block Bootstrapping,No_Estacionario_Lineal,3.0,1,0.9572378185125306
Block Bootstrapping,No_Estacionario_Lineal,3.0,2,0.9671592525438498
Block Bootstrapping,No_Estacionario_Lineal,3.0,3,0.9704790950732177
Block Bootstrapping,No_Estacionario_Lineal,3.0,4,0.9742812150072306
Block Bootstrapping,No_Estacionario_Lineal,3.0,5,0.9669694355150917
Block Bootstrapping,No_Lineal,0.2,1,0.2847140053391626
Block Bootstrapping,No_Lineal,0.2,2,0.27067511899267743
Block Bootstrapping,No_Lineal,0.2,3,0.2781755394958069
Block Bootstrapping,No_Lineal,0.2,4,0.27953360671042865
Block Bootstrapping,No_Lineal,0.2,5,0.282959169981435
Block Bootstrapping,No_Lineal,0.5,1,0.42139546822449286
Block Bootstrapping,No_Lineal,0.5,2,0.42444393962874516
Block Bootstrapping,No_Lineal,0.5,3,0.4289557900891164
Block Bootstrapping,No_Lineal,0.5,4,0.45391758723051123
Block Bootstrapping,No_Lineal,0.5,5,0.4425273735326222
Block Bootstrapping,No_Lineal,1.0,1,0.5940860459482848
Block Bootstrapping,No_Lineal,1.0,2,0.6268802149816323
Block Bootstrapping,No_Lineal,1.0,3,0.6385506392810097
Block Bootstrapping,No_Lineal,1.0,4,0.6124610310960423
Block Bootstrapping,No_Lineal,1.0,5,0.5862802999092178
Block Bootstrapping,No_Lineal,3.0,1,1.0365192545936892
Block Bootstrapping,No_Lineal,3.0,2,1.1429098370892565
Block Bootstrapping,No_Lineal,3.0,3,1.1050767362337375
Block Bootstrapping,No_Lineal,3.0,4,1.0900749070854492
Block Bootstrapping,No_Lineal,3.0,5,1.0666918442470068
DeepAR,Estacionario_Lineal,0.2,1,0.2715815519572569
DeepAR,Estacionario_Lineal,0.2,2,0.2730730279910761
DeepAR,Estacionario_Lineal,0.2,3,0.2727484387039345
DeepAR,Estacionario_Lineal,0.2,4,0.2652552351460421
DeepAR,Estacionario_Lineal,0.2,5,0.266305289512117
DeepAR,Estacionario_Lineal,0.5,1,0.4569721513480358
DeepAR,Estacionario_Lineal,0.5,2,0.44345678894069435
DeepAR,Estacionario_Lineal,0.5,3,0.4306052218235603
DeepAR,Estacionario_Lineal,0.5,4,0.43695417342424026
DeepAR,Estacionario_Lineal,0.5,5,0.4284583956038722
DeepAR,Estacionario_Lineal,1.0,1,0.6251117527382656
DeepAR,Estacionario_Lineal,1.0,2,0.6225636187283285
DeepAR,Estacionario_Lineal,1.0,3,0.5877714298850988
DeepAR,Estacionario_Lineal,1.0,4,0.5966382384927168
DeepAR,Estacionario_Lineal,1.0,5,0.6037039178446417
DeepAR,Estacionario_Lineal,3.0,1,1.031300969421998
DeepAR,Estacionario_Lineal,3.0,2,1.0794288123393943
DeepAR,Estacionario_Lineal,3.0,3,1.0619483274594352
DeepAR,Estacionario_Lineal,3.0,4,1.0338334588663303
DeepAR,Estacionario_Lineal,3.0,5,1.0832126131967414
DeepAR,No_Estacionario_Lineal,0.2,1,0.635677885951051
DeepAR,No_Estacionario_Lineal,0.2,2,0.7107752816907709
DeepAR,No_Estacionario_Lineal,0.2,3,0.9085785150522584
DeepAR,No_Estacionario_Lineal,0.2,4,0.8784930756328697
DeepAR,No_Estacionario_Lineal,0.2,5,0.7283823563403612
DeepAR,No_Estacionario_Lineal,0.5,1,1.3439783135201018
DeepAR,No_Estacionario_Lineal,0.5,2,1.2380317882666811
DeepAR,No_Estacionario_Lineal,0.5,3,1.4692301258518354
DeepAR,No_Estacionario_Lineal,0.5,4,1.188272859620392
DeepAR,No_Estacionario_Lineal,0.5,5,1.407151834595087
DeepAR,No_Estacionario_Lineal,1.0,1,2.115697117573013
DeepAR,No_Estacionario_Lineal,1.0,2,2.3248733521191394
DeepAR,No_Estacionario_Lineal,1.0,3,2.786179654227234
DeepAR,No_Estacionario_Lineal,1.0,4,1.6145339839168251
DeepAR,No_Estacionario_Lineal,1.0,5,1.406154025476259
DeepAR,No_Estacionario_Lineal,3.0,1,2.884963531508061
DeepAR,No_Estacionario_Lineal,3.0,2,2.821139851796258
DeepAR,No_Estacionario_Lineal,3.0,3,3.4560961583455616
DeepAR,No_Estacionario_Lineal,3.0,4,4.3934297243895655
DeepAR,No_Estacionario_Lineal,3.0,5,4.7922348563443125
DeepAR,No_Lineal,0.2,1,0.2795262061683485
DeepAR,No_Lineal,0.2,2,0.27552618404231227
DeepAR,No_Lineal,0.2,3,0.28230388014735724
DeepAR,No_Lineal,0.2,4,0.28164566535528707
DeepAR,No_Lineal,0.2,5,0.28267139141218073
DeepAR,No_Lineal,0.5,1,0.4707864001077781
DeepAR,No_Lineal,0.5,2,0.444394086184598
DeepAR,No_Lineal,0.5,3,0.43443363750939545
DeepAR,No_Lineal,0.5,4,0.42657533277284426
DeepAR,No_Lineal,0.5,5,0.4509133515865325
DeepAR,No_Lineal,1.0,1,0.6159007480441869
DeepAR,No_Lineal,1.0,2,0.6112664415419161
DeepAR,No_Lineal,1.0,3,0.613668679591057
DeepAR,No_Lineal,1.0,4,0.6503122351872523
DeepAR,No_Lineal,1.0,5,0.5987053151299596
DeepAR,No_Lineal,3.0,1,1.0601495800633067
DeepAR,No_Lineal,3.0,2,1.0839973911440668
DeepAR,No_Lineal,3.0,3,1.081285171877366
DeepAR,No_Lineal,3.0,4,1.0977220502153822
DeepAR,No_Lineal,3.0,5,1.056822350392363
EnCQR-LSTM,Estacionario_Lineal,0.2,1,0.2880365289826449
EnCQR-LSTM,Estacionario_Lineal,0.2,2,0.30275321094559093
EnCQR-LSTM,Estacionario_Lineal,0.2,3,0.28924560381947556
EnCQR-LSTM,Estacionario_Lineal,0.2,4,0.2989989974279034
EnCQR-LSTM,Estacionario_Lineal,0.2,5,0.3068772440278822
EnCQR-LSTM,Estacionario_Lineal,0.5,1,0.5298947130647795
EnCQR-LSTM,Estacionario_Lineal,0.5,2,0.4921380526298766
EnCQR-LSTM,Estacionario_Lineal,0.5,3,0.5079858338011252
EnCQR-LSTM,Estacionario_Lineal,0.5,4,0.5250898533527714
EnCQR-LSTM,Estacionario_Lineal,0.5,5,0.49383385892455234
EnCQR-LSTM,Estacionario_Lineal,1.0,1,0.7608022289687394
EnCQR-LSTM,Estacionario_Lineal,1.0,2,0.7110675642448766
EnCQR-LSTM,Estacionario_Lineal,1.0,3,0.6661193327785002
EnCQR-LSTM,Estacionario_Lineal,1.0,4,0.6554870431271769
EnCQR-LSTM,Estacionario_Lineal,1.0,5,0.6587339746318385
EnCQR-LSTM,Estacionario_Lineal,3.0,1,1.221044803094476
EnCQR-LSTM,Estacionario_Lineal,3.0,2,1.2412736468845713
EnCQR-LSTM,Estacionario_Lineal,3.0,3,1.1798736581637428
EnCQR-LSTM,Estacionario_Lineal,3.0,4,1.2111427609086216
EnCQR-LSTM,Estacionario_Lineal,3.0,5,1.1374211691451384
EnCQR-LSTM,No_Estacionario_Lineal,0.2,1,1.7833818720770909
EnCQR-LSTM,No_Estacionario_Lineal,0.2,2,1.7654079771596278
EnCQR-LSTM,No_Estacionario_Lineal,0.2,3,1.7388087343653331
EnCQR-LSTM,No_Estacionario_Lineal,0.2,4,1.9279504954882225
EnCQR-LSTM,No_Estacionario_Lineal,0.2,5,1.9561731290708078
EnCQR-LSTM,No_Estacionario_Lineal,0.5,1,2.529394141294717
EnCQR-LSTM,No_Estacionario_Lineal,0.5,2,3.05954108866731
EnCQR-LSTM,No_Estacionario_Lineal,0.5,3,3.0066169407343026
EnCQR-LSTM,No_Estacionario_Lineal,0.5,4,2.7640722754473317
EnCQR-LSTM,No_Estacionario_Lineal,0.5,5,2.9461567975836105
EnCQR-LSTM,No_Estacionario_Lineal,1.0,1,3.5095744939106606
EnCQR-LSTM,No_Estacionario_Lineal,1.0,2,3.415402418367938
EnCQR-LSTM,No_Estacionario_Lineal,1.0,3,3.992349267628528
EnCQR-LSTM,No_Estacionario_Lineal,1.0,4,3.6707528792411064
EnCQR-LSTM,No_Estacionario_Lineal,1.0,5,4.009441164987931
EnCQR-LSTM,No_Estacionario_Lineal,3.0,1,6.246418412814287
EnCQR-LSTM,No_Estacionario_Lineal,3.0,2,6.313044062268078
EnCQR-LSTM,No_Estacionario_Lineal,3.0,3,6.433407334599987
EnCQR-LSTM,No_Estacionario_Lineal,3.0,4,6.330099811045479
EnCQR-LSTM,No_Estacionario_Lineal,3.0,5,5.845620540916737
EnCQR-LSTM,No_Lineal,0.2,1,0.3116564618983665
EnCQR-LSTM,No_Lineal,0.2,2,0.2913487134342482
EnCQR-LSTM,No_Lineal,0.2,3,0.29854873641810314
EnCQR-LSTM,No_Lineal,0.2,4,0.31089406745395964
EnCQR-LSTM,No_Lineal,0.2,5,0.30817563569459994
EnCQR-LSTM,No_Lineal,0.5,1,0.4541790847664263
EnCQR-LSTM,No_Lineal,0.5,2,0.4325858814163415
EnCQR-LSTM,No_Lineal,0.5,3,0.46761226346473084
EnCQR-LSTM,No_Lineal,0.5,4,0.449228494298666
EnCQR-LSTM,No_Lineal,0.5,5,0.43830093400733744
EnCQR-LSTM,No_Lineal,1.0,1,0.6535310376908783
EnCQR-LSTM,No_Lineal,1.0,2,0.6457110841313648
EnCQR-LSTM,No_Lineal,1.0,3,0.6624133716072417
EnCQR-LSTM,No_Lineal,1.0,4,0.6980392017861285
EnCQR-LSTM,No_Lineal,1.0,5,0.611588114500942
EnCQR-LSTM,No_Lineal,3.0,1,1.0806380914980689
EnCQR-LSTM,No_Lineal,3.0,2,1.1701198605440677
EnCQR-LSTM,No_Lineal,3.0,3,1.150864899660279
EnCQR-LSTM,No_Lineal,3.0,4,1.163315137237726
EnCQR-LSTM,No_Lineal,3.0,5,1.1568940610884983
LSPM,Estacionario_Lineal,0.2,1,0.35522114875754496
LSPM,Estacionario_Lineal,0.2,2,0.33457002039144645
LSPM,Estacionario_Lineal,0.2,3,0.3467423705681116
LSPM,Estacionario_Lineal,0.2,4,0.34068422954025446
LSPM,Estacionario_Lineal,0.2,5,0.34996887478533645
LSPM,Estacionario_Lineal,0.5,1,0.5865805672913738
LSPM,Estacionario_Lineal,0.5,2,0.47542947470973773
LSPM,Estacionario_Lineal,0.5,3,0.5426511958976944
LSPM,Estacionario_Lineal,0.5,4,0.5497158374355066
LSPM,Estacionario_Lineal,0.5,5,0.4909545936405069
LSPM,Estacionario_Lineal,1.0,1,0.7789718471913883
LSPM,Estacionario_Lineal,1.0,2,0.8389248834789818
LSPM,Estacionario_Lineal,1.0,3,0.7450419651675365
LSPM,Estacionario_Lineal,1.0,4,0.7797635353692368
LSPM,Estacionario_Lineal,1.0,5,0.7027409178094859
LSPM,Estacionario_Lineal,3.0,1,1.2747484165955425
LSPM,Estacionario_Lineal,3.0,2,1.252462603650674
LSPM,Estacionario_Lineal,3.0,3,1.3078889670858769
LSPM,Estacionario_Lineal,3.0,4,1.3166045249893827
LSPM,Estacionario_Lineal,3.0,5,1.2441110222047205
LSPM,No_Estacionario_Lineal,0.2,1,0.6192669127347947
LSPM,No_Estacionario_Lineal,0.2,2,0.47055732128710925
LSPM,No_Estacionario_Lineal,0.2,3,0.5694432508829473
LSPM,No_Estacionario_Lineal,0.2,4,0.5081633169812437
LSPM,No_Estacionario_Lineal,0.2,5,0.48089121547986835
LSPM,No_Estacionario_Lineal,0.5,1,0.8142544109403661
LSPM,No_Estacionario_Lineal,0.5,2,0.8832740495287532
LSPM,No_Estacionario_Lineal,0.5,3,0.8865619343212818
LSPM,No_Estacionario_Lineal,0.5,4,0.8223360032552528
LSPM,No_Estacionario_Lineal,0.5,5,0.8525055480274975
LSPM,No_Estacionario_Lineal,1.0,1,1.1510564010962823
LSPM,No_Estacionario_Lineal,1.0,2,1.073716462991346
LSPM,No_Estacionario_Lineal,1.0,3,1.1323790747569193
LSPM,No_Estacionario_Lineal,1.0,4,1.162848745560217
LSPM,No_Estacionario_Lineal,1.0,5,1.0102104006496782
LSPM,No_Estacionario_Lineal,3.0,1,1.9317481329397814
LSPM,No_Estacionario_Lineal,3.0,2,1.8317655783617004
LSPM,No_Estacionario_Lineal,3.0,3,1.886828110723804
LSPM,No_Estacionario_Lineal,3.0,4,1.940973610310241
LSPM,No_Estacionario_Lineal,3.0,5,1.7949607685005362
LSPM,No_Lineal,0.2,1,0.3624927227174925
LSPM,No_Lineal,0.2,2,0.2945863513635462
LSPM,No_Lineal,0.2,3,0.32416173025603184
LSPM,No_Lineal,0.2,4,0.32426943318254475
LSPM,No_Lineal,0.2,5,0.3108106269607011
LSPM,No_Lineal,0.5,1,0.5084241829460883
LSPM,No_Lineal,0.5,2,0.4885582063443606
LSPM,No_Lineal,0.5,3,0.4980633480184419
LSPM,No_Lineal,0.5,4,0.5046928933161662
LSPM,No_Lineal,0.5,5,0.450786710225273
LSPM,No_Lineal,1.0,1,0.6658703788857725
LSPM,No_Lineal,1.0,2,0.6858200402604054
LSPM,No_Lineal,1.0,3,0.6978623605640235
LSPM,No_Lineal,1.0,4,0.7321938790151105
LSPM,No_Lineal,1.0,5,0.6348920777780486
LSPM,No_Lineal,3.0,1,1.1373625740061422
LSPM,No_Lineal,3.0,2,1.2073244677307282
LSPM,No_Lineal,3.0,3,1.1717818862484748
LSPM,No_Lineal,3.0,4,1.2163884907288525
LSPM,No_Lineal,3.0,5,1.161905965913723
LSPMW,Estacionario_Lineal,0.2,1,0.3461245677091274
LSPMW,Estacionario_Lineal,0.2,2,0.3750433246045507
LSPMW,Estacionario_Lineal,0.2,3,0.364458622912003
LSPMW,Estacionario_Lineal,0.2,4,0.38372347029126047
LSPMW,Estacionario_Lineal,0.2,5,0.3688440270323294
LSPMW,Estacionario_Lineal,0.5,1,0.5899679119460776
LSPMW,Estacionario_Lineal,0.5,2,0.5016884328213499
LSPMW,Estacionario_Lineal,0.5,3,0.5824052249847613
LSPMW,Estacionario_Lineal,0.5,4,0.5808529445194871
LSPMW,Estacionario_Lineal,0.5,5,0.4986139367017316
LSPMW,Estacionario_Lineal,1.0,1,0.7434877999086299
LSPMW,Estacionario_Lineal,1.0,2,0.9576537815044913
LSPMW,Estacionario_Lineal,1.0,3,0.7902881322364368
LSPMW,Estacionario_Lineal,1.0,4,0.8524279160638187
LSPMW,Estacionario_Lineal,1.0,5,0.7452224652358448
LSPMW,Estacionario_Lineal,3.0,1,1.2594449750079215
LSPMW,Estacionario_Lineal,3.0,2,1.3015537976024139
LSPMW,Estacionario_Lineal,3.0,3,1.374693405829619
LSPMW,Estacionario_Lineal,3.0,4,1.3531013180950218
LSPMW,Estacionario_Lineal,3.0,5,1.3017124726116784
LSPMW,No_Estacionario_Lineal,0.2,1,0.5748433082436307
LSPMW,No_Estacionario_Lineal,0.2,2,0.46314722146806864
LSPMW,No_Estacionario_Lineal,0.2,3,0.5531386058304463
LSPMW,No_Estacionario_Lineal,0.2,4,0.512704325085822
LSPMW,No_Estacionario_Lineal,0.2,5,0.48689518202289067
LSPMW,No_Estacionario_Lineal,0.5,1,0.7701434958457256
LSPMW,No_Estacionario_Lineal,0.5,2,0.848318932728532
LSPMW,No_Estacionario_Lineal,0.5,3,0.8904807273849268
LSPMW,No_Estacionario_Lineal,0.5,4,0.8283259358783428
LSPMW,No_Estacionario_Lineal,0.5,5,0.8485358530510061
LSPMW,No_Estacionario_Lineal,1.0,1,1.066939809162142
LSPMW,No_Estacionario_Lineal,1.0,2,1.1195828961653118
LSPMW,No_Estacionario_Lineal,1.0,3,1.135504522829302
LSPMW,No_Estacionario_Lineal,1.0,4,1.2225490390396339
LSPMW,No_Estacionario_Lineal,1.0,5,1.0091781997373097
LSPMW,No_Estacionario_Lineal,3.0,1,1.8127390048715877
LSPMW,No_Estacionario_Lineal,3.0,2,1.8463513675068255
LSPMW,No_Estacionario_Lineal,3.0,3,1.9606234550731338
LSPMW,No_Estacionario_Lineal,3.0,4,2.0058877738325083
LSPMW,No_Estacionario_Lineal,3.0,5,1.8444599550743914
LSPMW,No_Lineal,0.2,1,0.3437743227450253
LSPMW,No_Lineal,0.2,2,0.3305342015195841
LSPMW,No_Lineal,0.2,3,0.32307838111229764
LSPMW,No_Lineal,0.2,4,0.36394498896446936
LSPMW,No_Lineal,0.2,5,0.3382250794202767
LSPMW,No_Lineal,0.5,1,0.5108037750002784
LSPMW,No_Lineal,0.5,2,0.5261964906018105
LSPMW,No_Lineal,0.5,3,0.5338788633669144
LSPMW,No_Lineal,0.5,4,0.5231753177685281
LSPMW,No_Lineal,0.5,5,0.462221143899612
LSPMW,No_Lineal,1.0,1,0.6384501430436069
LSPMW,No_Lineal,1.0,2,0.7593350931204075
LSPMW,No_Lineal,1.0,3,0.7591661191888374
LSPMW,No_Lineal,1.0,4,0.798831750610602
LSPMW,No_Lineal,1.0,5,0.6561984851239736
LSPMW,No_Lineal,3.0,1,1.1305666987085288
LSPMW,No_Lineal,3.0,2,1.2448122137160582
LSPMW,No_Lineal,3.0,3,1.2393684412894816
LSPMW,No_Lineal,3.0,4,1.2750336427112325
LSPMW,No_Lineal,3.0,5,1.2488621232151662
MCPS,Estacionario_Lineal,0.2,1,0.25715679408601166
MCPS,Estacionario_Lineal,0.2,2,0.2914951439643874
MCPS,Estacionario_Lineal,0.2,3,0.3188060624307087
MCPS,Estacionario_Lineal,0.2,4,0.2774327439639369
MCPS,Estacionario_Lineal,0.2,5,0.29237873406902337
MCPS,Estacionario_Lineal,0.5,1,0.4031053258461482
MCPS,Estacionario_Lineal,0.5,2,0.4631639216102723
MCPS,Estacionario_Lineal,0.5,3,0.5006769741402342
MCPS,Estacionario_Lineal,0.5,4,0.5132168778266643
MCPS,Estacionario_Lineal,0.5,5,0.452110563549794
MCPS,Estacionario_Lineal,1.0,1,0.5912843423017784
MCPS,Estacionario_Lineal,1.0,2,0.6411477862705356
MCPS,Estacionario_Lineal,1.0,3,0.65153876157005
MCPS,Estacionario_Lineal,1.0,4,0.6705264711297104
MCPS,Estacionario_Lineal,1.0,5,0.6102803169185053
MCPS,Estacionario_Lineal,3.0,1,0.9827114837339721
MCPS,Estacionario_Lineal,3.0,2,1.126887077408321
MCPS,Estacionario_Lineal,3.0,3,1.1125312857566245
MCPS,Estacionario_Lineal,3.0,4,1.2098573692778023
MCPS,Estacionario_Lineal,3.0,5,1.1646088948303601
MCPS,No_Estacionario_Lineal,0.2,1,0.8833288702901587
MCPS,No_Estacionario_Lineal,0.2,2,0.9785244356270643
MCPS,No_Estacionario_Lineal,0.2,3,1.0067517671456259
MCPS,No_Estacionario_Lineal,0.2,4,1.0762854106131383
MCPS,No_Estacionario_Lineal,0.2,5,1.0833360931934817
MCPS,No_Estacionario_Lineal,0.5,1,1.6359067211254876
MCPS,No_Estacionario_Lineal,0.5,2,1.9711251747602445
MCPS,No_Estacionario_Lineal,0.5,3,2.1836333576271914
MCPS,No_Estacionario_Lineal,0.5,4,2.046877371405503
MCPS,No_Estacionario_Lineal,0.5,5,2.2855990323542934
MCPS,No_Estacionario_Lineal,1.0,1,1.7208161796074606
MCPS,No_Estacionario_Lineal,1.0,2,2.309537422614046
MCPS,No_Estacionario_Lineal,1.0,3,2.323507924106554
MCPS,No_Estacionario_Lineal,1.0,4,2.0910359614851304
MCPS,No_Estacionario_Lineal,1.0,5,2.23099897776526
MCPS,No_Estacionario_Lineal,3.0,1,4.392407548233869
MCPS,No_Estacionario_Lineal,3.0,2,5.178825632607314
MCPS,No_Estacionario_Lineal,3.0,3,5.036050123850358
MCPS,No_Estacionario_Lineal,3.0,4,5.132324372875712
MCPS,No_Estacionario_Lineal,3.0,5,5.395105235294438
MCPS,No_Lineal,0.2,1,0.2591923829720674
MCPS,No_Lineal,0.2,2,0.29268696921004583
MCPS,No_Lineal,0.2,3,0.29698115930482444
MCPS,No_Lineal,0.2,4,0.29042673212914366
MCPS,No_Lineal,0.2,5,0.3040770476070053
MCPS,No_Lineal,0.5,1,0.4065404361089057
MCPS,No_Lineal,0.5,2,0.4566141283067781
MCPS,No_Lineal,0.5,3,0.4448567033734321
MCPS,No_Lineal,0.5,4,0.45561456587681287
MCPS,No_Lineal,0.5,5,0.49377472603199746
MCPS,No_Lineal,1.0,1,0.6033689912311888
MCPS,No_Lineal,1.0,2,0.7358954512556565
MCPS,No_Lineal,1.0,3,0.6423676392661338
MCPS,No_Lineal,1.0,4,0.6686052637045208
MCPS,No_Lineal,1.0,5,0.6382551016668742
MCPS,No_Lineal,3.0,1,0.9886339045225899
MCPS,No_Lineal,3.0,2,1.1605393555926362
MCPS,No_Lineal,3.0,3,1.1174114742484578
MCPS,No_Lineal,3.0,4,1.18855837439957
MCPS,No_Lineal,3.0,5,1.1662400641442017
Sieve Bootstrap,Estacionario_Lineal,0.2,1,0.24567234787959807
Sieve Bootstrap,Estacionario_Lineal,0.2,2,0.24952703723414008
Sieve Bootstrap,Estacionario_Lineal,0.2,3,0.2478958612994472
Sieve Bootstrap,Estacionario_Lineal,0.2,4,0.2482551590526109
Sieve Bootstrap,Estacionario_Lineal,0.2,5,0.24868436873053307
Sieve Bootstrap,Estacionario_Lineal,0.5,1,0.38910604679102967
Sieve Bootstrap,Estacionario_Lineal,0.5,2,0.39405456792549665
Sieve Bootstrap,Estacionario_Lineal,0.5,3,0.39437831335007717
Sieve Bootstrap,Estacionario_Lineal,0.5,4,0.3943222840260068
Sieve Bootstrap,Estacionario_Lineal,0.5,5,0.3940800980561686
Sieve Bootstrap,Estacionario_Lineal,1.0,1,0.5510681341036816
Sieve Bootstrap,Estacionario_Lineal,1.0,2,0.5714362238764698
Sieve Bootstrap,Estacionario_Lineal,1.0,3,0.5624459191055389
Sieve Bootstrap,Estacionario_Lineal,1.0,4,0.5600726663844426
Sieve Bootstrap,Estacionario_Lineal,1.0,5,0.5558440260431446
Sieve Bootstrap,Estacionario_Lineal,3.0,1,0.9506190378943469
Sieve Bootstrap,Estacionario_Lineal,3.0,2,0.9686969090167049
Sieve Bootstrap,Estacionario_Lineal,3.0,3,0.9708550903090365
Sieve Bootstrap,Estacionario_Lineal,3.0,4,0.9801511981687869
Sieve Bootstrap,Estacionario_Lineal,3.0,5,0.960783867099965
Sieve Bootstrap,No_Estacionario_Lineal,0.2,1,0.33141318980093676
Sieve Bootstrap,No_Estacionario_Lineal,0.2,2,0.33560391653269006
Sieve Bootstrap,No_Estacionario_Lineal,0.2,3,0.36261361814466647
Sieve Bootstrap,No_Estacionario_Lineal,0.2,4,0.49943779193505455
Sieve Bootstrap,No_Estacionario_Lineal,0.2,5,0.3939991048745297
Sieve Bootstrap,No_Estacionario_Lineal,0.5,1,0.4998874527433224
Sieve Bootstrap,No_Estacionario_Lineal,0.5,2,0.5399750104781879
Sieve Bootstrap,No_Estacionario_Lineal,0.5,3,0.5686754340967216
Sieve Bootstrap,No_Estacionario_Lineal,0.5,4,0.5645874723112644
Sieve Bootstrap,No_Estacionario_Lineal,0.5,5,0.5834598986520478
Sieve Bootstrap,No_Estacionario_Lineal,1.0,1,0.638682618615404
Sieve Bootstrap,No_Estacionario_Lineal,1.0,2,0.6526224347812628
Sieve Bootstrap,No_Estacionario_Lineal,1.0,3,0.6746212913711213
Sieve Bootstrap,No_Estacionario_Lineal,1.0,4,0.6695329953536536
Sieve Bootstrap,No_Estacionario_Lineal,1.0,5,0.6384617610971988
Sieve Bootstrap,No_Estacionario_Lineal,3.0,1,1.231640930288001
Sieve Bootstrap,No_Estacionario_Lineal,3.0,2,1.1278501022131298
Sieve Bootstrap,No_Estacionario_Lineal,3.0,3,1.2487440920587667
Sieve Bootstrap,No_Estacionario_Lineal,3.0,4,2.1655062084302465
Sieve Bootstrap,No_Estacionario_Lineal,3.0,5,1.2512435677897424
Sieve Bootstrap,No_Lineal,0.2,1,0.2867381325115162
Sieve Bootstrap,No_Lineal,0.2,2,0.2710599797807853
Sieve Bootstrap,No_Lineal,0.2,3,0.2787087018024336
Sieve Bootstrap,No_Lineal,0.2,4,0.28020078027371503
Sieve Bootstrap,No_Lineal,0.2,5,0.2845806587531494
Sieve Bootstrap,No_Lineal,0.5,1,0.41735926210989077
Sieve Bootstrap,No_Lineal,0.5,2,0.4272066717558489
Sieve Bootstrap,No_Lineal,0.5,3,0.4373961353824546
Sieve Bootstrap,No_Lineal,0.5,4,0.447238176596501
Sieve Bootstrap,No_Lineal,0.5,5,0.4370657264733587
Sieve Bootstrap,No_Lineal,1.0,1,0.5972717401152595
Sieve Bootstrap,No_Lineal,1.0,2,0.6437511653325538
Sieve Bootstrap,No_Lineal,1.0,3,0.6378003219326603
Sieve Bootstrap,No_Lineal,1.0,4,0.6260339675786318
Sieve Bootstrap,No_Lineal,1.0,5,0.5851045876390419
Sieve Bootstrap,No_Lineal,3.0,1,1.0228794886693122
Sieve Bootstrap,No_Lineal,3.0,2,1.1695115155806135
Sieve Bootstrap,No_Lineal,3.0,3,1.1207077572533966
Sieve Bootstrap,No_Lineal,3.0,4,1.0888840544229712
Sieve Bootstrap,No_Lineal,3.0,5,1.0680706264492827
